{"nonces": ["test-nonce-456", "test-nonce-123", "test-nonce-789"], "timestamps": {"test-nonce-123": 1764404848.5358295, "test-nonce-456": 1764404935.077318, "test-nonce-789": 1764404935.0790656}}