{"nonces": ["test-nonce-789", "test-nonce-456"], "timestamps": {"test-nonce-456": 1780915880.910763, "test-nonce-789": 1780915880.91238}}