{"nonces": ["e57b3ccf-1699-4a3f-abdc-9fbd137237ba", "5d402b6e-2521-4596-a525-30ca37c8095c", "c6829fd4-1434-4e8b-9539-cc39f85cdc89", "2388e9fa-fffc-4f0d-a4cc-6eacca9198f6", "51f889f1-33b6-4c99-bfab-82d7b14a7b01", "abccb408-e603-40b4-9683-cec3b508d107"], "timestamps": {"51f889f1-33b6-4c99-bfab-82d7b14a7b01": 1781167304.5455558, "abccb408-e603-40b4-9683-cec3b508d107": 1781167476.8811579, "c6829fd4-1434-4e8b-9539-cc39f85cdc89": 1781169216.4351108, "5d402b6e-2521-4596-a525-30ca37c8095c": 1781169276.3667426, "e57b3ccf-1699-4a3f-abdc-9fbd137237ba": 1781169350.809483, "2388e9fa-fffc-4f0d-a4cc-6eacca9198f6": 1781169421.3856046}}