{"nonces": ["dea63a00-4f41-4630-bf12-7cb07bec2ac9", "7ba82d6b-0bec-445b-b3a2-580b6893f3bb", "15b9f74f-e4fa-4a0d-8f6b-e8815dd6a44e", "ea1d9bee-27d1-4e13-9b26-505991393789", "73453153-c21b-428a-8d45-0ee971be0497", "ef904327-5705-4c02-8cc0-fc8d7575661f"], "timestamps": {"ea1d9bee-27d1-4e13-9b26-505991393789": 1781084233.2592564, "73453153-c21b-428a-8d45-0ee971be0497": 1781084233.2626224, "15b9f74f-e4fa-4a0d-8f6b-e8815dd6a44e": 1781084233.2636464, "7ba82d6b-0bec-445b-b3a2-580b6893f3bb": 1781087322.8083277, "ef904327-5705-4c02-8cc0-fc8d7575661f": 1781087322.8117435, "dea63a00-4f41-4630-bf12-7cb07bec2ac9": 1781087322.81281}}