{"nonces": ["1ae3dcd7-2562-4597-9e30-9c76831a586d", "f9981b18-c53c-42f1-98b1-0b5682cc56fa"], "timestamps": {"f9981b18-c53c-42f1-98b1-0b5682cc56fa": 1780558444.1023872, "1ae3dcd7-2562-4597-9e30-9c76831a586d": 1780559176.5267136}}